-- liquibase formatted sql

--changeset soroka andrei:1
INSERT INTO tweets (id, addressed_id, addressed_tweet_id, addressed_username, date_time, link, link_cover, link_cover_size, link_description, link_title, reply_type, scheduled_date, text, author_id, deleted, poll_id, list_id, image_description, gif_image_id) VALUES (1, null, null, null, '2023-09-18 21:20:15.000000', null, null, null, null, null, 'EVERYONE', null, 'My #FirstTweet :slightly_smiling_face:', 1, false, null, null, null, null);
INSERT INTO tweets (id, addressed_id, addressed_tweet_id, addressed_username, date_time, link, link_cover, link_cover_size, link_description, link_title, reply_type, scheduled_date, text, author_id, deleted, poll_id, list_id, image_description, gif_image_id) VALUES (7, null, null, null, '2023-09-18 21:20:27.000000', null, null, null, null, null, 'EVERYONE', null, 'Hello #FirstTweet  :sunglasses:', 3, false, null, null, null, null);
INSERT INTO tweets (id, addressed_id, addressed_tweet_id, addressed_username, date_time, link, link_cover, link_cover_size, link_description, link_title, reply_type, scheduled_date, text, author_id, deleted, poll_id, list_id, image_description, gif_image_id) VALUES (13, null, null, null, '2023-09-18 21:57:21.000000', null, null, null, null, null, 'EVERYONE', null, '#Java', 4, false, null, null, null, null);
INSERT INTO tweets (id, addressed_id, addressed_tweet_id, addressed_username, date_time, link, link_cover, link_cover_size, link_description, link_title, reply_type, scheduled_date, text, author_id, deleted, poll_id, list_id, image_description, gif_image_id) VALUES (10, null, null, null, '2023-09-18 21:21:48.000000', null, null, null, null, null, 'EVERYONE', null, '#Androsor  :kissing_cat:', 4, false, null, null, null, null);
INSERT INTO tweets (id, addressed_id, addressed_tweet_id, addressed_username, date_time, link, link_cover, link_cover_size, link_description, link_title, reply_type, scheduled_date, text, author_id, deleted, poll_id, list_id, image_description, gif_image_id) VALUES (12, null, null, null, '2023-09-18 21:23:41.000000', null, null, null, null, null, 'MENTION', null, '#Androsor  :smiley_cat:', 5, false, null, null, null, null);
INSERT INTO tweets (id, addressed_id, addressed_tweet_id, addressed_username, date_time, link, link_cover, link_cover_size, link_description, link_title, reply_type, scheduled_date, text, author_id, deleted, poll_id, list_id, image_description, gif_image_id) VALUES (11, null, null, null, '2023-09-18 21:22:23.000000', null, null, null, null, null, 'EVERYONE', null, 'My #FirstTweet', 5, false, null, null, null, null);
INSERT INTO tweets (id, addressed_id, addressed_tweet_id, addressed_username, date_time, link, link_cover, link_cover_size, link_description, link_title, reply_type, scheduled_date, text, author_id, deleted, poll_id, list_id, image_description, gif_image_id) VALUES (16, null, 10, 'Androsor', '2023-09-18 22:21:30.000000', null, null, null, null, null, 'EVERYONE', null, 'Just just just  :sunglasses:', 2, false, null, null, null, null);
INSERT INTO tweets (id, addressed_id, addressed_tweet_id, addressed_username, date_time, link, link_cover, link_cover_size, link_description, link_title, reply_type, scheduled_date, text, author_id, deleted, poll_id, list_id, image_description, gif_image_id) VALUES (8, null, null, null, '2023-09-18 21:20:30.000000', null, null, null, null, null, 'FOLLOW', null, '#Androsor  :smiley_cat:', 3, false, null, null, null, null);
INSERT INTO tweets (id, addressed_id, addressed_tweet_id, addressed_username, date_time, link, link_cover, link_cover_size, link_description, link_title, reply_type, scheduled_date, text, author_id, deleted, poll_id, list_id, image_description, gif_image_id) VALUES (9, null, null, null, '2023-09-18 21:20:33.000000', null, null, null, null, null, 'EVERYONE', null, '#FirstTweet', 4, false, null, null, null, null);
INSERT INTO tweets (id, addressed_id, addressed_tweet_id, addressed_username, date_time, link, link_cover, link_cover_size, link_description, link_title, reply_type, scheduled_date, text, author_id, deleted, poll_id, list_id, image_description, gif_image_id) VALUES (6, null, null, null, '2023-09-18 21:20:26.000000', null, null, null, null, null, 'EVERYONE', null, '#Androsor  :smile_cat:', 2, false, null, null, null, null);
INSERT INTO tweets (id, addressed_id, addressed_tweet_id, addressed_username, date_time, link, link_cover, link_cover_size, link_description, link_title, reply_type, scheduled_date, text, author_id, deleted, poll_id, list_id, image_description, gif_image_id) VALUES (5, null, null, null, '2023-09-18 21:20:24.000000', null, null, null, null, null, 'EVERYONE', null, 'Another #FirstTweet', 2, false, null, null, null, null);
INSERT INTO tweets (id, addressed_id, addressed_tweet_id, addressed_username, date_time, link, link_cover, link_cover_size, link_description, link_title, reply_type, scheduled_date, text, author_id, deleted, poll_id, list_id, image_description, gif_image_id) VALUES (15, null, null, null, '2023-09-18 22:11:59.000000', null, null, null, null, null, 'EVERYONE', null, 'Hello hello :wave:', 1, false, null, null, null, null);
INSERT INTO tweets (id, addressed_id, addressed_tweet_id, addressed_username, date_time, link, link_cover, link_cover_size, link_description, link_title, reply_type, scheduled_date, text, author_id, deleted, poll_id, list_id, image_description, gif_image_id) VALUES (14, null, null, null, '2023-09-18 22:10:14.000000', null, null, null, null, null, 'MENTION', null, 'Fucking welder  :sunglasses:', 1, false, null, null, null, null);
INSERT INTO tweets (id, addressed_id, addressed_tweet_id, addressed_username, date_time, link, link_cover, link_cover_size, link_description, link_title, reply_type, scheduled_date, text, author_id, deleted, poll_id, list_id, image_description, gif_image_id) VALUES (4, null, null, null, '2023-09-18 21:20:22.000000', 'https://www.youtube.com/watch?v=a5KgatE4Tn0', 'https://i.ytimg.com/vi/a5KgatE4Tn0/hqdefault.jpg?sqp=-oaymwEbCKgBEF5IVfKriqkDDggBFQAAiEIYAXABwAEG&rs=AOn4CLBgq-QtWn9lBx7DnxJq1R7hGfKWBQ.jpg', null, null, 'Крейсер Эмден: легендарное рейдерство Первой Мировой и Одиссея капитан-лейтенанта Мюкке.', 'EVERYONE', null, 'https://www.youtube.com/watch?v=a5KgatE4Tn0', 1, false, null, null, null, null);
INSERT INTO tweets (id, addressed_id, addressed_tweet_id, addressed_username, date_time, link, link_cover, link_cover_size, link_description, link_title, reply_type, scheduled_date, text, author_id, deleted, poll_id, list_id, image_description, gif_image_id) VALUES (3, null, null, null, '2023-09-18 21:20:21.000000', 'https://www.youtube.com/watch?v=Mi3Abzv1pUQ', 'https://i.ytimg.com/vi/Mi3Abzv1pUQ/hqdefault.jpg?sqp=-oaymwEbCKgBEF5IVfKriqkDDggBFQAAiEIYAXABwAEG&rs=AOn4CLA6lR3OMTDw4GthkNeYi1Ce8KJ94w.jpg', null, null, 'Клим Жуков, Александр Кадира. Война трёх Генрихов 1584-1589: крах Генриха Гиза', 'EVERYONE', null, 'https://www.youtube.com/watch?v=Mi3Abzv1pUQ', 1, false, null, null, null, null);
INSERT INTO tweets (id, addressed_id, addressed_tweet_id, addressed_username, date_time, link, link_cover, link_cover_size, link_description, link_title, reply_type, scheduled_date, text, author_id, deleted, poll_id, list_id, image_description, gif_image_id) VALUES (2, null, null, null, '2023-09-18 21:20:18.000000', 'https://www.youtube.com/watch?v=IUZfEqly7n0&t=1982s', 'https://i.ytimg.com/vi/IUZfEqly7n0/hqdefault.jpg?sqp=-oaymwEbCKgBEF5IVfKriqkDDggBFQAAiEIYAXABwAEG&rs=AOn4CLC9hagNy9a99gvgR2v9v7-L0MGecg.jpg', null, null, 'Варфоломеевская ночь, самая страшная резня 16 века', 'EVERYONE', null, 'https://www.youtube.com/watch?v=IUZfEqly7n0&t=1982s', 1, false, null, null, null, null);
--rollback TRUNCATE tweets

--changeset soroka andrei:2
INSERT INTO tweet_images (id, src) VALUES (1, 'https://perfumeshop.s3.amazonaws.com/5eeed7cc-b31b-4dd8-89f3-99bdb38c75f8_User%2001.jpg');
INSERT INTO tweet_images (id, src) VALUES (4, 'https://perfumeshop.s3.amazonaws.com/5eeed7cc-b31b-4dd8-89f3-99bdb38c75f8_User%2001.jpg');
INSERT INTO tweet_images (id, src) VALUES (6, 'https://perfumeshop.s3.amazonaws.com/4c6e92ad-22f3-4a20-be13-f79ffe890694_User%2012.jpg');
INSERT INTO tweet_images (id, src) VALUES (8, 'https://perfumeshop.s3.amazonaws.com/b6c53b88-be4c-4b6c-ab6c-09eb0c205cc9_User%2004.jpg');
--rollback TRUNCATE tweet_images

--changeset soroka andrei:3
INSERT INTO tweets_images (tweet_id, images_id) VALUES (6, 1);
INSERT INTO tweets_images (tweet_id, images_id) VALUES (8, 4);
INSERT INTO tweets_images (tweet_id, images_id) VALUES (10, 6);
INSERT INTO tweets_images (tweet_id, images_id) VALUES (12, 8);
--rollback TRUNCATE tweets_images

--changeset soroka andrei:4
INSERT INTO tweet_quote (quote_tweet_id, tweet_id) VALUES (13, 15);
--rollback TRUNCATE tweet_quote

--changeset soroka andrei:5
INSERT INTO replies (tweet_id, reply_id) VALUES (10, 16);
--rollback TRUNCATE replies

--changeset soroka andrei:6
INSERT INTO quotes (tweet_id, quote_id) VALUES (13, 15);
--rollback TRUNCATE quotes

--changeset soroka andrei:7
INSERT INTO liked_tweets (id, liked_tweet_date, tweet_id, user_id) VALUES (1, '2023-09-18 21:36:52.000000', 1, 2);
INSERT INTO liked_tweets (id, liked_tweet_date, tweet_id, user_id) VALUES (2, '2023-09-18 21:37:01.000000', 2, 2);
INSERT INTO liked_tweets (id, liked_tweet_date, tweet_id, user_id) VALUES (3, '2023-09-18 21:37:03.000000', 3, 2);
INSERT INTO liked_tweets (id, liked_tweet_date, tweet_id, user_id) VALUES (4, '2023-09-18 21:37:05.000000', 4, 2);
INSERT INTO liked_tweets (id, liked_tweet_date, tweet_id, user_id) VALUES (5, '2023-09-18 21:37:06.000000', 5, 2);
INSERT INTO liked_tweets (id, liked_tweet_date, tweet_id, user_id) VALUES (6, '2023-09-18 21:37:08.000000', 6, 2);
INSERT INTO liked_tweets (id, liked_tweet_date, tweet_id, user_id) VALUES (7, '2023-09-18 21:37:10.000000', 7, 2);
INSERT INTO liked_tweets (id, liked_tweet_date, tweet_id, user_id) VALUES (8, '2023-09-18 21:37:11.000000', 8, 2);
INSERT INTO liked_tweets (id, liked_tweet_date, tweet_id, user_id) VALUES (9, '2023-09-18 21:37:14.000000', 9, 2);
INSERT INTO liked_tweets (id, liked_tweet_date, tweet_id, user_id) VALUES (10, '2023-09-18 21:37:15.000000', 10, 2);
INSERT INTO liked_tweets (id, liked_tweet_date, tweet_id, user_id) VALUES (11, '2023-09-18 21:37:17.000000', 11, 2);
INSERT INTO liked_tweets (id, liked_tweet_date, tweet_id, user_id) VALUES (12, '2023-09-18 21:37:18.000000', 12, 2);
INSERT INTO liked_tweets (id, liked_tweet_date, tweet_id, user_id) VALUES (13, '2023-09-18 21:43:36.000000', 5, 1);
INSERT INTO liked_tweets (id, liked_tweet_date, tweet_id, user_id) VALUES (14, '2023-09-18 21:43:39.000000', 6, 1);
INSERT INTO liked_tweets (id, liked_tweet_date, tweet_id, user_id) VALUES (15, '2023-09-18 22:00:37.000000', 13, 2);
INSERT INTO liked_tweets (id, liked_tweet_date, tweet_id, user_id) VALUES (16, '2023-09-18 22:08:53.000000', 1, 1);
INSERT INTO liked_tweets (id, liked_tweet_date, tweet_id, user_id) VALUES (17, '2023-09-18 22:39:04.000000', 8, 1);
--rollback TRUNCATE liked_tweets

--changeset soroka andrei:8
INSERT INTO retweets (id, retweet_date, tweet_id, user_id) VALUES (1, '2023-09-18 21:50:56.000000', 10, 1);
INSERT INTO retweets (id, retweet_date, tweet_id, user_id) VALUES (2, '2023-09-18 22:00:41.000000', 13, 2);
INSERT INTO retweets (id, retweet_date, tweet_id, user_id) VALUES (3, '2023-09-18 22:07:48.000000', 10, 2);
--rollback TRUNCATE retweets

--changeset soroka andrei:9
INSERT INTO bookmarks (id, bookmark_date, tweet_id, user_id) VALUES (1, '2023-09-18 21:09:18.000000', 8, 1);
INSERT INTO bookmarks (id, bookmark_date, tweet_id, user_id) VALUES (2, '2023-09-18 21:09:28.000000', 15, 1);
--rollback TRUNCATE bookmarks

