-- users
INSERT INTO "test".public.users (id, about, activation_code, active, birthday, email, full_name, location, notifications_count, mentions_count, password, password_reset_code, profile_customized, profile_started, registration_date, role, tweet_count, username, website, like_count, media_tweet_count, country, gender, language, muted_direct_messages, phone, private_profile, country_code, background_color, color_scheme, pinned_tweet_id, unread_messages_count, avatar, wallpaper) VALUES (1, 'Hello2', null, true, null, 'androsor99@gmail.com', 'Andrei Soroka', 'Minsk', 0, 0, '$2a$08$1D3LToUL9ccJYqGDZNPH8uvTBwVFou5MobYvtgAakra6WdACQZWJK', null, true, true, '2023-09-22 23:34:32.000000', 'USER', 126, 'Andrei Soroka', 'https://www.google.com', 40, 44, 'BY', 'Bubear', 'Belarusian - Белорусская', true, 291406806, false, 'BY', 'DEFAULT', 'BLUE', null, 1, 'https://perfumeweb2.s3.eu-central-1.amazonaws.com/ae83099c-885b-499a-bb6f-5e34e1b69e7d_4ec7201fd370bd9870cdb326f0511f38.jpg', 'https://perfumeweb2.s3.eu-central-1.amazonaws.com/dfc8a223-45fc-43da-8b7c-f76e2c2507cd_82ecbca14eb4999212c07257f41c70e7.jpg');
INSERT INTO "test".public.users (id, about, activation_code, active, birthday, email, full_name, location, notifications_count, mentions_count, password, password_reset_code, profile_customized, profile_started, registration_date, role, tweet_count, username, website, like_count, media_tweet_count, country, gender, language, muted_direct_messages, phone, private_profile, country_code, background_color, color_scheme, pinned_tweet_id, unread_messages_count, avatar, wallpaper) VALUES (2, 'Hello twitter!', null, true, 'Jan 04, 1978', 'test2023@test.test', 'Androsor', 'New York', 3, 0, '$2a$08$1D3LToUL9ccJYqGDZNPH8uvTBwVFou5MobYvtgAakra6WdACQZWJK', null, true, true, '2023-09-22 23:34:32.000000', 'USER', 126, 'Androsor', 'https://www.google.com', 40, 44, 'BY', 'Bubear', 'Belarusian - Белорусская', true, 291406806, false, 'BY', 'DEFAULT', 'BLUE', 40, 1, 'https://perfumeshop.s3.amazonaws.com/da4edd80-eea6-4630-b49c-862099c5176b_User%2004.jpg', 'https://perfumeshop.s3.amazonaws.com/7308ddc9-dd27-420f-b4d7-2d4619b753eb_User%2018.jpg');
INSERT INTO "test".public.users (id, about, activation_code, active, birthday, email, full_name, location, notifications_count, mentions_count, password, password_reset_code, profile_customized, profile_started, registration_date, role, tweet_count, username, website, like_count, media_tweet_count, country, gender, language, muted_direct_messages, phone, private_profile, country_code, background_color, color_scheme, pinned_tweet_id, unread_messages_count, avatar, wallpaper) VALUES (3, 'Hello twitter!', '1234567890', true, 'Jan 04, 1978', 'test2016@test.test', 'Androsor', 'New York', 3, 0, '$2a$08$1D3LToUL9ccJYqGDZNPH8uvTBwVFou5MobYvtgAakra6WdACQZWJK', '1234567890', true, true, '2023-09-22 23:34:32.000000', 'USER', 126, 'MrCat', 'https://www.google.com', 40, 44, 'BY', 'Bubear', 'Belarusian - Белорусская', true, 291406806, true, 'BY', 'DEFAULT', 'BLUE', null, 0, 'https://perfumeweb2.s3.eu-central-1.amazonaws.com/ae83099c-885b-499a-bb6f-5e34e1b69e7d_4ec7201fd370bd9870cdb326f0511f38.jpg', 'https://perfumeweb2.s3.eu-central-1.amazonaws.com/dfc8a223-45fc-43da-8b7c-f76e2c2507cd_82ecbca14eb4999212c07257f41c70e7.jpg');
INSERT INTO "test".public.users (id, about, activation_code, active, birthday, email, full_name, location, notifications_count, mentions_count, password, password_reset_code, profile_customized, profile_started, registration_date, role, tweet_count, username, website, like_count, media_tweet_count, country, gender, language, muted_direct_messages, phone, private_profile, country_code, background_color, color_scheme, pinned_tweet_id, unread_messages_count, avatar, wallpaper) VALUES (4, 'Hello twitter!', null, true, 'Jan 04, 1978', 'test2017@test.test', 'Androsor', 'New York', 3, 0, '$2a$08$1D3LToUL9ccJYqGDZNPH8uvTBwVFou5MobYvtgAakra6WdACQZWJK', null, true, true, '2023-09-22 23:34:32.000000', 'USER', 126, 'Androsor', 'https://www.google.com', 40, 44, 'BY', 'Bubear', 'Belarusian - Белорусская', true, 291406806, true, 'BY', 'DEFAULT', 'BLUE', null, 0, 'https://perfumeweb2.s3.eu-central-1.amazonaws.com/ae83099c-885b-499a-bb6f-5e34e1b69e7d_4ec7201fd370bd9870cdb326f0511f38.jpg', 'https://perfumeweb2.s3.eu-central-1.amazonaws.com/dfc8a223-45fc-43da-8b7c-f76e2c2507cd_82ecbca14eb4999212c07257f41c70e7.jpg');
INSERT INTO "test".public.users (id, about, activation_code, active, birthday, email, full_name, location, notifications_count, mentions_count, password, password_reset_code, profile_customized, profile_started, registration_date, role, tweet_count, username, website, like_count, media_tweet_count, country, gender, language, muted_direct_messages, phone, private_profile, country_code, background_color, color_scheme, pinned_tweet_id, unread_messages_count, avatar, wallpaper) VALUES (5, 'Hello twitter!', null, true, 'Jan 04, 1978', 'test2018@test.test', 'Androsor', 'New York', 3, 0, '$2a$08$1D3LToUL9ccJYqGDZNPH8uvTBwVFou5MobYvtgAakra6WdACQZWJK', null, true, true, '2023-09-22 23:34:32.000000', 'USER', 126, 'Androsor', 'https://www.google.com', 40, 44, 'BY', 'Bubear', 'Belarusian - Белорусская', true, 291406806, true, 'BY', 'DEFAULT', 'BLUE', null, 0, 'https://perfumeweb2.s3.eu-central-1.amazonaws.com/ae83099c-885b-499a-bb6f-5e34e1b69e7d_4ec7201fd370bd9870cdb326f0511f38.jpg', 'https://perfumeweb2.s3.eu-central-1.amazonaws.com/dfc8a223-45fc-43da-8b7c-f76e2c2507cd_82ecbca14eb4999212c07257f41c70e7.jpg');
INSERT INTO "test".public.users (id, about, activation_code, active, birthday, email, full_name, location, notifications_count, mentions_count, password, password_reset_code, profile_customized, profile_started, registration_date, role, tweet_count, username, website, like_count, media_tweet_count, country, gender, language, muted_direct_messages, phone, private_profile, country_code, background_color, color_scheme, pinned_tweet_id, unread_messages_count, avatar, wallpaper) VALUES (6, 'Hello twitter!', null, true, 'Jan 04, 1978', 'test2019@test.test', 'Androsor', 'New York', 3, 0, '$2a$08$1D3LToUL9ccJYqGDZNPH8uvTBwVFou5MobYvtgAakra6WdACQZWJK', null, true, true, '2023-09-22 23:34:32.000000', 'USER', 126, 'Androsor', 'https://www.google.com', 40, 44, 'BY', 'Bubear', 'Belarusian - Белорусская', true, 291406806, false, 'BY', 'DEFAULT', 'BLUE', null, 0, 'https://perfumeweb2.s3.eu-central-1.amazonaws.com/ae83099c-885b-499a-bb6f-5e34e1b69e7d_4ec7201fd370bd9870cdb326f0511f38.jpg', 'https://perfumeweb2.s3.eu-central-1.amazonaws.com/dfc8a223-45fc-43da-8b7c-f76e2c2507cd_82ecbca14eb4999212c07257f41c70e7.jpg');
INSERT INTO "test".public.users (id, about, activation_code, active, birthday, email, full_name, location, notifications_count, mentions_count, password, password_reset_code, profile_customized, profile_started, registration_date, role, tweet_count, username, website, like_count, media_tweet_count, country, gender, language, muted_direct_messages, phone, private_profile, country_code, background_color, color_scheme, pinned_tweet_id, unread_messages_count, avatar, wallpaper) VALUES (7, 'Hello twitter!', null, true, 'Jan 04, 1978', 'test2020@test.test', 'Androsor', 'New York', 3, 0, '$2a$08$1D3LToUL9ccJYqGDZNPH8uvTBwVFou5MobYvtgAakra6WdACQZWJK', null, true, true, '2023-09-221 23:34:32.000000', 'USER', 126, 'Androsor', 'https://www.google.com', 40, 44, 'BY', 'Bubear', 'Belarusian - Белорусская', true, 291406806, false, 'BY', 'DEFAULT', 'BLUE', null, 0, 'https://perfumeweb2.s3.eu-central-1.amazonaws.com/ae83099c-885b-499a-bb6f-5e34e1b69e7d_4ec7201fd370bd9870cdb326f0511f38.jpg', 'https://perfumeweb2.s3.eu-central-1.amazonaws.com/dfc8a223-45fc-43da-8b7c-f76e2c2507cd_82ecbca14eb4999212c07257f41c70e7.jpg');

-- user_subscriptions
INSERT INTO "test".public.user_subscriptions (subscriber_id, user_id) VALUES (1, 2);
INSERT INTO "test".public.user_subscriptions (subscriber_id, user_id) VALUES (2, 1);
INSERT INTO "test".public.user_subscriptions (subscriber_id, user_id) VALUES (4, 2);
INSERT INTO "test".public.user_subscriptions (subscriber_id, user_id) VALUES (4, 1);

-- user_follower_requests
INSERT INTO "test".public.user_follower_requests (user_id, follower_id) VALUES (3, 1);
INSERT INTO "test".public.user_follower_requests (user_id, follower_id) VALUES (3, 2);
INSERT INTO "test".public.user_follower_requests (user_id, follower_id) VALUES (5, 2);
INSERT INTO "test".public.user_follower_requests (user_id, follower_id) VALUES (2, 7);

-- user_blocked
INSERT INTO "test".public.user_blocked (user_id, blocked_user_id) VALUES (2, 4);
INSERT INTO "test".public.user_blocked (user_id, blocked_user_id) VALUES (5, 2);
INSERT INTO "test".public.user_blocked (user_id, blocked_user_id) VALUES (6, 2);

-- user_muted
INSERT INTO "test".public.user_muted (user_id, muted_user_id) VALUES (2, 1);

-- subscribers
INSERT INTO "test".public.subscribers (user_id, subscriber_id) VALUES (2, 1);
